Survived,Pclass,Name,Sex,Age,SibSp,Parch,Ticket,Fare,Cabin,Embarked
0,3,"Hagland, Mr. Konrad Mathias Reiersen",male,,1,0,65304,19.9667,,S
1,3,"Aks, Mrs. Sam (Leah Rosen)",female,18,0,1,392091,9.35,,S
1,1,"Young, Miss. Marie Grice",female,36,0,0,PC 17760,135.6333,C32,C
0,2,"Gale, Mr. Shadrach",male,34,1,0,28664,21,,S
0,3,"McNamee, Mr. Neal",male,24,1,0,376566,16.1,,S
0,3,"Sap, Mr. Julius",male,25,0,0,345768,9.5,,S
1,1,"Thorne, Mrs. Gertrude Maybelle",female,,0,0,PC 17585,79.2,,C
1,1,"Willard, Miss. Constance",female,21,0,0,113795,26.55,,S
0,2,"Howard, Mr. Benjamin",male,63,1,0,24065,26,,S
0,1,"Birnbaum, Mr. Jakob",male,25,0,0,13905,26,,C
0,2,"Myles, Mr. Thomas Francis",male,62,0,0,240276,9.6875,,Q
1,3,"Sundman, Mr. Johan Julian",male,44,0,0,STON/O 2. 3101269,7.925,,S
1,3,"Moor, Master. Meier",male,6,0,1,392096,12.475,E121,S
0,3,"Angheloff, Mr. Minko",male,26,0,0,349202,7.8958,,S
0,1,"Ringhini, Mr. Sante",male,22,0,0,PC 17760,135.6333,,C
0,2,"Deacon, Mr. Percy William",male,17,0,0,S.O.C. 14879,73.5,,S
0,2,"Oxenham, Mr. Percy Thomas",male,22,0,0,W./C. 14260,10.5,,S
1,2,"Shelley, Mrs. William (Imanita Parrish Hall)",female,25,0,1,230433,26,,S
0,1,"Hipkins, Mr. William Edward",male,55,0,0,680,50,C39,S
0,3,"Moran, Mr. James",male,,0,0,330877,8.4583,,Q
0,2,"Frost, Mr. Anthony Wood ""Archie""",male,,0,0,239854,0,,S
0,1,"Foreman, Mr. Benjamin Laventall",male,30,0,0,113051,27.75,C111,C
1,2,"Harris, Mr. George",male,62,0,0,S.W./PP 752,10.5,,S
0,3,"Rice, Master. George Hugh",male,8,4,1,382652,29.125,,Q
1,3,"Masselmani, Mrs. Fatima",female,,0,0,2649,7.225,,C
1,3,"Johnson, Mrs. Oscar W (Elisabeth Vilhelmina Berg)",female,27,0,2,347742,11.1333,,S
1,1,"Brown, Mrs. John Murray (Caroline Lane Lamson)",female,59,2,0,11769,51.4792,C101,S
1,1,"Astor, Mrs. John Jacob (Madeleine Talmadge Force)",female,18,1,0,PC 17757,227.525,C62 C64,C
1,1,"Andrews, Miss. Kornelia Theodosia",female,63,1,0,13502,77.9583,D7,S
0,2,"Maybery, Mr. Frank Hubert",male,40,0,0,239059,16,,S
0,1,"Guggenheim, Mr. Benjamin",male,46,0,0,PC 17593,79.2,B82 B84,C
1,3,"Cohen, Mr. Gurshon ""Gus""",male,18,0,0,A/5 3540,8.05,,S
1,1,"Chibnall, Mrs. (Edith Martha Bowerman)",female,,0,1,113505,55,E33,S
1,1,"Greenfield, Mr. William Bertram",male,23,0,1,PC 17759,63.3583,D10 D12,C
1,1,"Taussig, Miss. Ruth",female,18,0,2,110413,79.65,E68,S
1,1,"Chaffee, Mrs. Herbert Fuller (Carrie Constance Toogood)",female,47,1,0,W.E.P. 5734,61.175,E31,S
0,3,"Saad, Mr. Khalil",male,25,0,0,2672,7.225,,C
0,3,"Johansson, Mr. Erik",male,22,0,0,350052,7.7958,,S
0,1,"Minahan, Dr. William Edward",male,44,2,0,19928,90,C78,Q
0,3,"Assaf, Mr. Gerios",male,21,0,0,2692,7.225,,C
0,3,"Canavan, Mr. Patrick",male,21,0,0,364858,7.75,,Q
0,2,"Giles, Mr. Frederick Edward",male,21,1,0,28134,11.5,,S
0,2,"Gillespie, Mr. William Henry",male,34,0,0,12233,13,,S
0,1,"Williams, Mr. Richard Norris II",male,21,0,1,PC 17597,61.3792,,C
0,1,"Jones, Mr. Charles Cresson",male,46,0,0,694,26,,S
0,3,"Canavan, Miss. Mary",female,21,0,0,364846,7.75,,Q
0,3,"Rogers, Mr. William John",male,,0,0,S.C./A.4. 23567,8.05,,S
0,2,"Pulbaum, Mr. Franz",male,27,0,0,SC/PARIS 2168,15.0333,,C
1,1,"Woolner, Mr. Hugh",male,,0,0,19947,35.5,C52,S
1,1,"Wick, Mrs. George Dennick (Mary Hitchcock)",female,45,1,1,36928,164.8667,,S
0,3,"Kassem, Mr. Fared",male,,0,0,2700,7.2292,,C
0,1,"Marvin, Mr. Daniel Warner",male,19,1,0,113773,53.1,D30,S
1,3,"Ilmakangas, Miss. Ida Livija",female,27,1,0,STON/O2. 3101270,7.925,,S
1,3,"Sheerlinck, Mr. Jan Baptist",male,29,0,0,345779,9.5,,S
1,2,"Leitch, Miss. Jessie Wills",female,,0,0,248727,33,,S
1,1,"Straus, Mrs. Isidor (Rosalie Ida Blun)",female,63,1,0,PC 17483,221.7792,C55 C57,S
0,3,"Sage, Mr. John George",male,,1,9,CA. 2343,69.55,,S
1,3,"Mullens, Miss. Katherine ""Katie""",female,,0,0,35852,7.7333,,Q
1,3,"Howard, Miss. May Elizabeth",female,,0,0,A. 2. 39186,8.05,,S
0,3,"Thomas, Mr. Charles P",male,,1,0,2621,6.4375,,C
0,2,"Rogers, Mr. Reginald Harry",male,19,0,0,28004,10.5,,S
0,3,"Kallio, Mr. Nikolai Erland",male,17,0,0,STON/O 2. 3101274,7.125,,S
1,2,"Lemore, Mrs. (Amelia Milley)",female,34,0,0,C.A. 34260,10.5,F33,S
0,3,"Cribb, Mr. John Hatfield",male,44,0,1,371362,16.1,,S
0,2,"Wheeler, Mr. Edwin Frederick""""",male,,0,0,SC/PARIS 2159,12.875,,S
1,2,"Hocking, Mrs. Elizabeth (Eliza Needs)",female,54,1,3,29105,23,,S
0,3,"Lindahl, Miss. Agda Thorilda Viktoria",female,25,0,0,347071,7.775,,S
0,2,"Turpin, Mrs. William John Robert (Dorothy Ann Wonnacott)",female,27,1,0,11668,21,,S
1,2,"Laroche, Mrs. Joseph (Juliette Marie Louise Lafargue)",female,22,1,2,SC/Paris 2123,41.5792,,C
0,3,"Zimmerman, Mr. Leo",male,29,0,0,315082,7.875,,S
0,3,"Panula, Mr. Ernesti Arvid",male,16,4,1,3101295,39.6875,,S
1,3,"Moubarek, Master. Halim Gonios (""William George"")",male,,1,1,2661,15.2458,,C
1,1,"Leader, Dr. Alice (Farnham)",female,49,0,0,17465,25.9292,D17,S
0,3,"Mahon, Mr. John",male,,0,0,AQ/4 3130,7.75,,Q
1,1,"Taylor, Mr. Elmer Zebley",male,48,1,0,19996,52,C126,S
0,3,"O'Brien, Mr. Thomas",male,,1,0,370365,15.5,,Q
0,2,"Levy, Mr. Rene Jacques",male,36,0,0,SC/Paris 2163,12.875,D,C
0,3,"Laitinen, Miss. Kristina Sofia",female,37,0,0,4135,9.5875,,S
1,2,"Jacobsohn, Mrs. Sidney Samuel (Amy Frances Christy)",female,24,2,1,243847,27,,S
0,3,"Hampe, Mr. Leon",male,20,0,0,345769,9.5,,S
0,3,"Hansen, Mr. Henrik Juul",male,26,1,0,350025,7.8542,,S
1,3,"McCoy, Miss. Agnes",female,,2,0,367226,23.25,,Q
0,3,"Jensen, Mr. Hans Peder",male,20,0,0,350050,7.8542,,S
0,3,"Davies, Mr. Evan",male,22,0,0,SC/A4 23568,8.05,,S
1,1,"Fleming, Miss. Margaret",female,,0,0,17421,110.8833,,C
0,3,"Green, Mr. George Henry",male,51,0,0,21440,8.05,,S
1,3,"Murphy, Miss. Katherine ""Kate""",female,,1,0,367230,15.5,,Q
0,1,"Partner, Mr. Austen",male,45.5,0,0,113043,28.5,C124,S
1,2,"Richards, Master. George Sibley",male,0.83,1,1,29106,18.75,,S
0,1,"Harrington, Mr. Charles H",male,,0,0,113796,42.4,,S
0,1,"Cumings, Mr. John Bradley",male,39,1,0,PC 17599,71.2833,C85,C
0,1,"Tucker, Mr. Gilbert Milligan Jr",male,31,0,0,2543,28.5375,C53,C
0,1,"Rosenshine, Mr. George (Mr George Thorne"")""",male,46,0,0,PC 17585,79.2,,C
1,2,"Collyer, Miss. Marjorie ""Lottie""",female,8,0,2,C.A. 31921,26.25,,S
1,3,"McCarthy, Miss. Catherine Katie""""",female,,0,0,383123,7.75,,Q
1,3,"Murphy, Miss. Margaret Jane",female,,1,0,367230,15.5,,Q
0,1,"Futrelle, Mr. Jacques Heath",male,37,1,0,113803,53.1,C123,S
1,3,"Asplund, Master. Edvin Rojj Felix",male,3,4,2,347077,31.3875,,S
0,1,"Snyder, Mr. John Pillsbury",male,24,1,0,21228,82.2667,B45,S
0,3,"Shellard, Mr. Frederick William",male,,0,0,C.A. 6212,15.1,,S
0,3,"Kilgannon, Mr. Thomas J",male,,0,0,36865,7.7375,,Q
1,3,"Peacock, Miss. Treasteall",female,3,1,1,SOTON/O.Q. 3101315,13.775,,S
0,2,"Parker, Mr. Clifford Richard",male,28,0,0,SC 14888,10.5,,S
0,2,"Ponesell, Mr. Martin",male,34,0,0,250647,13,,S
1,3,"O'Dwyer, Miss. Ellen ""Nellie""",female,,0,0,330959,7.8792,,Q
1,3,"Jermyn, Miss. Annie",female,,0,0,14313,7.75,,Q
1,1,"Newell, Miss. Madeleine",female,31,1,0,35273,113.275,D36,C
1,1,"Endres, Miss. Caroline Louise",female,38,0,0,PC 17757,227.525,C45,C
0,3,"Jussila, Miss. Katriina",female,20,1,0,4136,9.825,,S
0,3,"Sirayanian, Mr. Orsen",male,22,0,0,2669,7.2292,,C
1,3,"Sandstrom, Mrs. Hjalmar (Agnes Charlotta Bengtsson)",female,24,0,2,PP 9549,16.7,G6,S
0,3,"Palsson, Mrs. Nils (Alma Cornelia Berglund)",female,29,0,4,349909,21.075,,S
0,3,"Duane, Mr. Frank",male,65,0,0,336439,7.75,,Q
0,3,"Kelly, Mr. James",male,34.5,0,0,330911,7.8292,,Q
1,2,"Hocking, Miss. Ellen Nellie""""",female,20,2,1,29105,23,,S
0,2,"Wheadon, Mr. Edward H",male,66,0,0,C.A. 24579,10.5,,S
1,3,"McGowan, Miss. Katherine",female,35,0,0,9232,7.75,,Q
0,2,"Fynney, Mr. Joseph J",male,35,0,0,239865,26,,S
1,3,"Asplund, Mrs. Carl Oscar (Selma Augusta Emilia Johansson)",female,38,1,5,347077,31.3875,,S
0,2,"Jefferys, Mr. Clifford Thomas",male,24,2,0,C.A. 31029,31.5,,S
1,1,"Minahan, Miss. Daisy E",female,33,1,0,19928,90,C78,Q
1,2,"Davies, Master. John Morgan Jr",male,8,1,1,C.A. 33112,36.75,,S
1,1,"Fortune, Mrs. Mark (Mary McDougald)",female,60,1,4,19950,263,C23 C25 C27,S
0,2,"Carbines, Mr. William",male,19,0,0,28424,13,,S
1,2,"Rugg, Miss. Emily",female,21,0,0,C.A. 31026,10.5,,S
0,3,"Coxon, Mr. Daniel",male,59,0,0,364500,7.25,,S
1,1,"Oliva y Ocana, Dona. Fermina",female,39,0,0,PC 17758,108.9,C105,C
1,3,"Gilnagh, Miss. Katherine ""Katie""",female,16,0,0,35851,7.7333,,Q
0,3,"Mernagh, Mr. Robert",male,,0,0,368703,7.75,,Q
0,2,"Keane, Mr. Daniel",male,35,0,0,233734,12.35,,Q
0,2,"Collett, Mr. Sidney C Stuart",male,24,0,0,28034,10.5,,S
0,3,"Drazenoic, Mr. Jozef",male,33,0,0,349241,7.8958,,C
0,3,"Boulos, Mr. Hanna",male,,0,0,2664,7.225,,C
0,2,"Giles, Mr. Edgar",male,21,1,0,28133,11.5,,S
0,3,"Rush, Mr. Alfred George John",male,16,0,0,A/4. 20589,8.05,,S
0,2,"del Carlo, Mr. Sebastiano",male,29,1,0,SC/PARIS 2167,27.7208,,C
0,2,"Hodges, Mr. Henry Price",male,50,0,0,250643,13,,S
1,3,"Coutts, Master. William Loch ""William""",male,3,1,1,C.A. 37671,15.9,,S
0,3,"Odahl, Mr. Nils Martin",male,23,0,0,7267,9.225,,S
0,3,"O'Keefe, Mr. Patrick",male,,0,0,368402,7.75,,Q
0,3,"Alhomaki, Mr. Ilmari Rudolf",male,20,0,0,SOTON/O2 3101287,7.925,,S
1,1,"Earnshaw, Mrs. Boulton (Olive Potter)",female,23,0,1,11767,83.1583,C54,C
1,2,"Jerwan, Mrs. Amin S (Marie Marthe Thuillard)",female,23,0,0,SC/AH Basle 541,13.7917,D,C
0,3,"Kraeff, Mr. Theodor",male,,0,0,349253,7.8958,,C
1,2,"Slayter, Miss. Hilda Mary",female,30,0,0,234818,12.35,,Q
0,1,"Mock, Mr. Philipp Edmund",male,30,1,0,13236,57.75,C78,C
1,1,"Longley, Miss. Gretchen Fiske",female,21,0,0,13502,77.9583,D9,S
1,3,"Baclini, Miss. Helene Barbara",female,0.75,2,1,2666,19.2583,,C
0,1,"Astor, Col. John Jacob",male,47,1,0,PC 17757,227.525,C62 C64,C
1,1,"LeRoy, Miss. Bertha",female,30,0,0,PC 17761,106.425,,C
0,2,"Hart, Mr. Benjamin",male,43,1,1,F.C.C. 13529,26.25,,S
0,2,"Fillbrook, Mr. Joseph Charles",male,18,0,0,C.A. 15185,10.5,,S
0,3,"Pokrnic, Mr. Tome",male,24,0,0,315092,8.6625,,S
0,3,"Mineff, Mr. Ivan",male,24,0,0,349233,7.8958,,S
0,1,"Goldschmidt, Mr. George B",male,71,0,0,PC 17754,34.6542,A5,C
0,3,"Paulner, Mr. Uscher",male,,0,0,3411,8.7125,,C
0,3,"Attalah, Mr. Sleiman",male,30,0,0,2694,7.225,,C
0,1,"Van der hoef, Mr. Wyckoff",male,61,0,0,111240,33.5,B19,S
1,1,"Lindstrom, Mrs. Carl Johan (Sigrid Posse)",female,55,0,0,112377,27.7208,,C
0,2,"Ware, Mr. William Jeffery",male,23,1,0,28666,10.5,,S
1,2,"Davis, Miss. Mary",female,28,0,0,237668,13,,S
0,3,"Kelly, Mr. James",male,44,0,0,363592,8.05,,S
1,1,"Burns, Miss. Elizabeth Margaret",female,41,0,0,16966,134.5,E40,C
0,3,"Haas, Miss. Aloisia",female,24,0,0,349236,8.85,,S
0,3,"Goldsmith, Mr. Frank John",male,33,1,1,363291,20.525,,S
0,1,"Gee, Mr. Arthur H",male,47,0,0,111320,38.5,E63,S
0,3,"Yousseff, Mr. Gerious",male,,0,0,2627,14.4583,,C
0,3,"Williams, Mr. Leslie",male,28.5,0,0,54636,16.1,,S
1,1,"Kimball, Mr. Edwin Nelson Jr",male,42,1,0,11753,52.5542,D19,S
1,3,"Badman, Miss. Emily Louisa",female,18,0,0,A/4 31416,8.05,,S
0,3,"Celotti, Mr. Francesco",male,24,0,0,343275,8.05,,S
0,1,"Parr, Mr. William Henry Marsh",male,,0,0,112052,0,,S
0,3,"Karlsson, Mr. Julius Konrad Eugen",male,33,0,0,347465,7.8542,,S
0,3,"Johansson, Mr. Karl Johan",male,31,0,0,347063,7.775,,S
0,2,"Watson, Mr. Ennis Hastings",male,,0,0,239856,0,,S
0,3,"Aks, Master. Philip Frank",male,0.83,0,1,392091,9.35,,S
0,3,"Lobb, Mr. William Arthur",male,30,1,0,A/5. 3336,16.1,,S
0,2,"Cunningham, Mr. Alfred Fleming",male,,0,0,239853,0,,S
1,2,"Wells, Mrs. Arthur Henry (Addie"" Dart Trevaskis)""",female,29,0,2,29103,23,,S
0,3,"Hart, Mr. Henry",male,,0,0,394140,6.8583,,Q
0,3,"Caram, Mr. Joseph",male,,1,0,2689,14.4583,,C
0,3,"Pekoniemi, Mr. Edvard",male,21,0,0,STON/O 2. 3101294,7.925,,S
0,1,"Rothschild, Mr. Martin",male,55,1,0,PC 17603,59.4,,C
1,3,"Doyle, Miss. Elizabeth",female,24,0,0,368702,7.75,,Q
0,3,"Danbom, Mrs. Ernst Gilbert (Anna Sigrid Maria Brogren)",female,28,1,1,347080,14.4,,S
0,1,"Rood, Mr. Hugh Roscoe",male,,0,0,113767,50,A32,S
1,2,"Padro y Manent, Mr. Julian",male,,0,0,SC/PARIS 2146,13.8625,,C
1,2,"Reynaldo, Ms. Encarnacion",female,28,0,0,230434,13,,S
1,3,"Coutts, Mrs. William (Winnie Minnie"" Treanor)""",female,36,0,2,C.A. 37671,15.9,,S
0,2,"Meyer, Mr. August",male,39,0,0,248723,13,,S
0,3,"Rice, Master. Albert",male,10,4,1,382652,29.125,,Q
0,1,"Julian, Mr. Henry Forbes",male,50,0,0,113044,26,E60,S
0,2,"Nesson, Mr. Israel",male,26,0,0,244368,13,F2,S
1,3,"Albimona, Mr. Nassef Cassem",male,26,0,0,2699,18.7875,,C
1,1,"Dodge, Mrs. Washington (Ruth Vidaver)",female,54,1,1,33638,81.8583,A34,S
1,1,"Beckwith, Mr. Richard Leonard",male,37,1,1,11751,52.5542,D35,S
0,3,"Sadowitz, Mr. Harry",male,,0,0,LP 1588,7.575,,S
1,1,"Chambers, Mr. Norman Campbell",male,27,1,0,113806,53.1,E8,S
1,3,"Sandstrom, Miss. Marguerite Rut",female,4,1,1,PP 9549,16.7,G6,S
1,1,"Geiger, Miss. Amalie",female,35,0,0,113503,211.5,C130,C
0,3,"Duquemin, Mr. Joseph",male,24,0,0,S.O./P.P. 752,7.55,,S
0,2,"Malachard, Mr. Noel",male,,0,0,237735,15.0458,D,C
1,1,"Blank, Mr. Henry",male,40,0,0,112277,31,A31,C
0,2,"Andrew, Mr. Frank Thomas",male,25,0,0,C.A. 34050,10.5,,S
1,1,"Dick, Mr. Albert Adrian",male,31,1,0,17474,57,B20,S
0,3,"Corn, Mr. Harry",male,30,0,0,SOTON/OQ 392090,8.05,,S
0,3,"Dooley, Mr. Patrick",male,32,0,0,370376,7.75,,Q
0,2,"Hale, Mr. Reginald",male,30,0,0,250653,13,,S
0,2,"Chapman, Mr. Charles Henry",male,52,0,0,248731,13.5,,S
0,3,"Saundercock, Mr. William Henry",male,20,0,0,A/5. 2151,8.05,,S
0,3,"Svensson, Mr. Johan",male,74,0,0,347060,7.775,,S
0,3,"Soholt, Mr. Peter Andreas Lauritz Andersen",male,19,0,0,348124,7.65,F G73,S
1,3,"Nieminen, Miss. Manta Josefina",female,29,0,0,3101297,7.925,,S
1,2,"Parrish, Mrs. (Lutie Davis)",female,50,0,1,230433,26,,S
1,2,"Ilett, Miss. Bertha",female,17,0,0,SO/C 14885,10.5,,S
0,2,"Sobey, Mr. Samuel James Hayden",male,25,0,0,C.A. 29178,13,,S
0,3,"Balkic, Mr. Cerin",male,26,0,0,349248,7.8958,,S
1,2,"Duran y More, Miss. Asuncion",female,27,1,0,SC/PARIS 2149,13.8583,,C
1,3,"Andersson, Mr. August Edvard (""Wennerstrom"")",male,27,0,0,350043,7.7958,,S
0,3,"Peduzzi, Mr. Joseph",male,,0,0,A/5 2817,8.05,,S
1,3,"Whabee, Mrs. George Joseph (Shawneene Abi-Saab)",female,38,0,0,2688,7.2292,,C
0,2,"Botsford, Mr. William Hull",male,26,0,0,237670,13,,S
1,1,"Pears, Mrs. Thomas (Edith Wearne)",female,22,1,0,113776,66.6,C2,S
0,2,"Weisz, Mr. Leopold",male,27,1,0,228414,26,,S
1,3,"Barry, Miss. Julia",female,27,0,0,330844,7.8792,,Q
1,3,"Nicola-Yarred, Master. Elias",male,12,1,0,2651,11.2417,,C
0,3,"Brobeck, Mr. Karl Rudolf",male,22,0,0,350045,7.7958,,S
0,1,"Maguire, Mr. John Edward",male,30,0,0,110469,26,C106,S
0,1,"Harris, Mr. Henry Birkhardt",male,45,1,0,36973,83.475,C83,S
1,2,"Watt, Mrs. James (Elizabeth ""Bessie"" Inglis Milne)",female,40,0,0,C.A. 33595,15.75,,S
1,1,"Candee, Mrs. Edward (Helen Churchill Hungerford)",female,53,0,0,PC 17606,27.4458,,C
1,1,"Bucknell, Mrs. William Robert (Emma Eliza Ward)",female,60,0,0,11813,76.2917,D15,C
0,3,"Lemberopolous, Mr. Peter L",male,34.5,0,0,2683,6.4375,,C
1,1,"Duff Gordon, Lady. (Lucille Christiana Sutherland) (""Mrs Morgan"")",female,48,1,0,11755,39.6,A16,C
0,1,"Warren, Mr. Frank Manley",male,64,1,0,110813,75.25,D37,C
1,2,"Quick, Miss. Winifred Vera",female,8,1,1,26360,26,,S
1,3,"Lefebre, Mrs. Frank (Frances)",female,,0,4,4133,25.4667,,S
0,3,"Olsen, Mr. Karl Siegwart Andreas",male,42,0,1,4579,8.4042,,S
0,3,"Ford, Mr. Edward Watson",male,18,2,2,W./C. 6608,34.375,,S
1,2,"Troutt, Miss. Edwina Celia ""Winnie""",female,27,0,0,34218,10.5,E101,S
1,3,"Murphy, Miss. Nora",female,,0,0,36568,15.5,,Q
0,3,"Patchett, Mr. George",male,19,0,0,358585,14.5,,S
0,1,"Douglas, Mr. Walter Donald",male,50,1,0,PC 17761,106.425,C86,C
1,1,"Hays, Mrs. Charles Melville (Clara Jennings Gregg)",female,52,1,1,12749,93.5,B69,S
0,2,"Lingane, Mr. John",male,61,0,0,235509,12.35,,Q
1,1,"Silvey, Mrs. William Baird (Alice Munger)",female,39,1,0,13507,55.9,E44,S
1,2,"Wells, Miss. Joan",female,4,1,1,29103,23,,S
0,2,"Kvillner, Mr. Johan Henrik Johannesson",male,31,0,0,C.A. 18723,10.5,,S
0,3,"Ford, Miss. Doolina Margaret ""Daisy""",female,21,2,2,W./C. 6608,34.375,,S
0,2,"Hunt, Mr. George Henry",male,33,0,0,SCO/W 1585,12.275,,S
0,2,"Baimbrigge, Mr. Charles Robert",male,23,0,0,C.A. 31030,10.5,,S
1,3,"Devaney, Miss. Margaret Delia",female,19,0,0,330958,7.8792,,Q
0,2,"Sharp, Mr. Percival James R",male,27,0,0,244358,26,,S
1,3,"Lindell, Mrs. Edvard Bengtsson (Elin Gerda Persson)",female,30,1,0,349910,15.55,,S
0,3,"Lennon, Mr. Denis",male,,1,0,370371,15.5,,Q
0,3,"Olsen, Master. Artur Karl",male,9,0,1,C 17368,3.1708,,S
1,1,"Frauenthal, Dr. Henry William",male,50,2,0,PC 17611,133.65,,S
0,3,"Vande Walle, Mr. Nestor Cyriel",male,28,0,0,345770,9.5,,S
0,3,"Asplund, Mr. Carl Oscar Vilhelm Gustafsson",male,40,1,5,347077,31.3875,,S
0,3,"Sage, Master. William Henry",male,14.5,8,2,CA. 2343,69.55,,S
0,1,"Giglio, Mr. Victor",male,24,0,0,PC 17593,79.2,B86,C
0,2,"Schmidt, Mr. August",male,26,0,0,248659,13,,S
1,3,"Oreskovic, Miss. Jelka",female,23,0,0,315085,8.6625,,S
0,3,"Smith, Mr. Thomas",male,,0,0,384461,7.75,,Q
0,3,"Barbara, Mrs. (Catherine David)",female,45,0,1,2691,14.4542,,C
0,1,"Dodge, Dr. Washington",male,53,1,1,33638,81.8583,A34,S
0,1,"Isham, Miss. Ann Elizabeth",female,50,0,0,PC 17595,28.7125,C49,C
1,2,"Karnes, Mrs. J Frank (Claire Bennett)",female,22,0,0,F.C.C. 13534,21,,S
0,3,"Ali, Mr. Ahmed",male,24,0,0,SOTON/O.Q. 3101311,7.05,,S
0,3,"Thorneycroft, Mr. Percival",male,,1,0,376564,16.1,,S
1,1,"Harder, Mr. George Achilles",male,25,1,0,11765,55.4417,E50,C
0,3,"Kink, Mr. Vincenz",male,26,2,0,315151,8.6625,,S
1,1,"White, Mrs. John Stuart (Ella Holmes)",female,55,0,0,PC 17760,135.6333,C32,C
0,3,"Windelov, Mr. Einar",male,21,0,0,SOTON/OQ 3101317,7.25,,S
0,3,"Goldsmith, Mr. Nathan",male,41,0,0,SOTON/O.Q. 3101263,7.85,,S
1,3,"Johnston, Mrs. Andrew G (Elizabeth Lily"" Watson)""",female,,1,2,W./C. 6607,23.45,,S
0,3,"Cacic, Mr. Jego Grga",male,18,0,0,315091,8.6625,,S
1,1,"Holverson, Mrs. Alexander Oskar (Mary Aline Towner)",female,35,1,0,113789,52,,S
1,3,"Sage, Mrs. John (Annie Bullen)",female,,1,9,CA. 2343,69.55,,S
1,2,"Bystrom, Mrs. (Karolina)",female,42,0,0,236852,13,,S
0,2,"Coleridge, Mr. Reginald Charles",male,29,0,0,W./C. 14263,10.5,,S
0,2,"Pallas y Castello, Mr. Emilio",male,29,0,0,SC/PARIS 2147,13.8583,,C
0,3,"Goodwin, Mrs. Frederick (Augusta Tyler)",female,43,1,6,CA 2144,46.9,,S
1,2,"Hart, Mrs. Benjamin (Esther Ada Bloomfield)",female,45,1,1,F.C.C. 13529,26.25,,S
0,3,"Foley, Mr. Joseph",male,26,0,0,330910,7.8792,,Q
0,2,"Berriman, Mr. William John",male,23,0,0,28425,13,,S
0,1,"Dulles, Mr. William Crothers",male,39,0,0,PC 17580,29.7,A18,C
0,2,"Mack, Mrs. (Mary)",female,57,0,0,S.O./P.P. 3,10.5,E77,S
0,2,"Parkes, Mr. Francis ""Frank""",male,,0,0,239853,0,,S
0,3,"Vander Planke, Mrs. Julius (Emelia Maria Vandemoortele)",female,31,1,0,345763,18,,S
0,3,"Dennis, Mr. William",male,36,0,0,A/5 21175,7.25,,S
1,2,"Wilhelms, Mr. Charles",male,31,0,0,244270,13,,S
0,1,"Carrau, Mr. Francisco M",male,28,0,0,113059,47.1,,S
1,2,"Trout, Mrs. William H (Jessie L)",female,28,0,0,240929,12.65,,S
0,3,"Connaghton, Mr. Michael",male,31,0,0,335097,7.75,,Q
0,3,"MacKay, Mr. George William",male,,0,0,C.A. 42795,7.55,,S
1,1,"Perreault, Miss. Anne",female,30,0,0,12749,93.5,B73,S
1,1,"Cardeza, Mrs. James Warburton Martinez (Charlotte Wardle Drake)",female,58,0,1,PC 17755,512.3292,B51 B53 B55,C
1,1,"Frolicher, Miss. Hedwig Margaritha",female,22,0,2,13568,49.5,B39,C
0,1,"Brewe, Dr. Arthur Jackson",male,,0,0,112379,39.6,,C
1,1,"Snyder, Mrs. John Pillsbury (Nelle Stevenson)",female,23,1,0,21228,82.2667,B45,S
1,3,"McCormack, Mr. Thomas Joseph",male,,0,0,367228,7.75,,Q
0,3,"Pedersen, Mr. Olaf",male,,0,0,345498,7.775,,S
0,1,"White, Mr. Percival Wayland",male,54,0,1,35281,77.2875,D26,S
0,3,"Elias, Mr. Dibo",male,,0,0,2674,7.225,,C
0,3,"Johansson, Mr. Nils",male,29,0,0,347467,7.8542,,S
0,3,"Franklin, Mr. Charles (Charles Fardon)",male,,0,0,SOTON/O.Q. 3101314,7.25,,S
0,2,"Andrew, Mr. Edgardo Samuel",male,18,0,0,231945,11.5,,S
0,1,"Ovies y Rodriguez, Mr. Servando",male,28.5,0,0,PC 17562,27.7208,D43,C
1,1,"Kreuchen, Miss. Emilie",female,39,0,0,24160,211.3375,,S
0,1,"Keeping, Mr. Edwin",male,32.5,0,0,113503,211.5,C132,C
1,1,"Newsom, Miss. Helen Monypeny",female,19,0,2,11752,26.2833,D47,S
0,2,"Bryhl, Mr. Kurt Arnold Gottfrid",male,25,1,0,236853,26,,S
1,1,"Futrelle, Mrs. Jacques Heath (Lily May Peel)",female,35,1,0,113803,53.1,C123,S
1,1,"Calderhead, Mr. Edward Pennington",male,42,0,0,PC 17476,26.2875,E24,S
1,2,"Ball, Mrs. (Ada E Hall)",female,36,0,0,28551,13,D,S
0,3,"Perkin, Mr. John Henry",male,22,0,0,A/5 21174,7.25,,S
0,3,"O'Brien, Mr. Timothy",male,,0,0,330979,7.8292,,Q
1,3,"Connolly, Miss. Kate",female,30,0,0,330972,7.6292,,Q
1,1,"Romaine, Mr. Charles Hallace (""Mr C Rolmane"")",male,45,0,0,111428,26.55,,S
0,3,"Lindblom, Miss. Augusta Charlotta",female,45,0,0,347073,7.75,,S
0,3,"Eklund, Mr. Hans Linus",male,16,0,0,347074,7.775,,S
1,3,"Salkjelsvik, Miss. Anna Kristine",female,21,0,0,343120,7.65,,S
0,1,"Cairns, Mr. Alexander",male,,0,0,113798,31,,S
0,3,"Gilinski, Mr. Eliezer",male,22,0,0,14973,8.05,,S
0,3,"Strom, Miss. Telma Matilda",female,2,0,1,347054,10.4625,G6,S
1,1,"Spedden, Mrs. Frederic Oakley (Margaretta Corning Stone)",female,40,1,1,16966,134.5,E34,C
0,3,"Johnson, Mr. Malkolm Joackim",male,33,0,0,347062,7.775,,S
0,3,"Allum, Mr. Owen George",male,18,0,0,2223,8.3,,S
0,3,"Petersen, Mr. Marius",male,24,0,0,342441,8.05,,S
0,1,"Wright, Mr. George",male,62,0,0,113807,26.55,,S
0,3,"Stankovic, Mr. Ivan",male,33,0,0,349239,8.6625,,C
0,3,"Waelens, Mr. Achille",male,22,0,0,345767,9,,S
0,3,"Asplund, Master. Clarence Gustaf Hugo",male,9,4,2,347077,31.3875,,S
0,3,"Nosworthy, Mr. Richard Cater",male,21,0,0,A/4. 39886,7.8,,S
1,2,"Sincock, Miss. Maude",female,20,0,0,C.A. 33112,36.75,,S
0,3,"Pearce, Mr. Ernest",male,,0,0,343271,7,,S
0,3,"Rommetvedt, Mr. Knud Paust",male,,0,0,312993,7.775,,S
0,3,"Leinonen, Mr. Antti Gustaf",male,32,0,0,STON/O 2. 3101292,7.925,,S
0,3,"Asim, Mr. Adola",male,35,0,0,SOTON/O.Q. 3101310,7.05,,S
0,3,"Demetri, Mr. Marinko",male,,0,0,349238,7.8958,,S
0,3,"Sage, Miss. Constance Gladys",female,,8,2,CA. 2343,69.55,,S
0,3,"Svensson, Mr. Olof",male,24,0,0,350035,7.7958,,S
0,1,"McCaffry, Mr. Thomas Francis",male,46,0,0,13050,75.2417,C6,C
1,3,"Drapkin, Miss. Jennie",female,23,0,0,SOTON/OQ 392083,8.05,,S
0,2,"Clarke, Mr. Charles Valentine",male,29,1,0,2003,26,,S
0,3,"Abbott, Master. Eugene Joseph",male,13,0,2,C.A. 2673,20.25,,S
0,1,"Straus, Mr. Isidor",male,67,1,0,PC 17483,221.7792,C55 C57,S
0,3,"Ford, Mr. William Neal",male,16,1,3,W./C. 6608,34.375,,S
1,3,"McCoy, Mr. Bernard",male,,2,0,367226,23.25,,Q
1,2,"Beesley, Mr. Lawrence",male,34,0,0,248698,13,D56,S
1,1,"Bird, Miss. Ellen",female,29,0,0,PC 17483,221.7792,C97,S
1,2,"Laroche, Miss. Simonne Marie Anne Andree",female,3,1,2,SC/Paris 2123,41.5792,,C
0,2,"Slemen, Mr. Richard James",male,35,0,0,28206,10.5,,S
1,3,"Coutts, Master. Eden Leslie ""Neville""",male,9,1,1,C.A. 37671,15.9,,S
1,2,"Ridsdale, Miss. Lucy",female,50,0,0,W./C. 14258,10.5,,S
0,3,"Salander, Mr. Karl Johan",male,24,0,0,7266,9.325,,S
1,1,"Harper, Mrs. Henry Sleeper (Myna Haxtun)",female,49,1,0,PC 17572,76.7292,D33,C
0,3,"Peter, Master. Michael J",male,,1,1,2668,22.3583,,C
1,3,"Risien, Mrs. Samuel (Emma)",female,,0,0,364498,14.5,,S
1,3,"Chip, Mr. Chang",male,32,0,0,1601,56.4958,,S
0,3,"Yasbeck, Mr. Antoni",male,27,1,0,2659,14.4542,,C
0,3,"Cor, Mr. Bartol",male,35,0,0,349230,7.8958,,S
1,3,"Lulic, Mr. Nikola",male,27,0,0,315098,8.6625,,S
0,2,"de Brito, Mr. Jose Joaquim",male,32,0,0,244360,13,,S
0,3,"Plotcharsky, Mr. Vasil",male,,0,0,349227,7.8958,,S
0,3,"Lovell, Mr. John Hall (""Henry"")",male,20.5,0,0,A/5 21173,7.25,,S
0,2,"Hickman, Mr. Lewis",male,32,2,0,S.O.C. 14879,73.5,,S
0,3,"Goodwin, Mr. Charles Edward",male,14,5,2,CA 2144,46.9,,S
1,2,"Caldwell, Mrs. Albert Francis (Sylvia Mae Harbaugh)",female,22,1,1,248738,29,,S
0,3,"Braund, Mr. Lewis Richard",male,29,1,0,3460,7.0458,,S
0,3,"Skoog, Master. Harald",male,4,3,2,347088,27.9,,S
0,3,"Ilieff, Mr. Ylio",male,,0,0,349220,7.8958,,S
1,1,"Ryerson, Miss. Emily Borie",female,18,2,2,PC 17608,262.375,B57 B59 B63 B66,C
0,2,"Caldwell, Mr. Albert Francis",male,26,1,1,248738,29,,S
0,3,"Thomson, Mr. Alexander Morrison",male,,0,0,32302,8.05,,S
0,3,"Pasic, Mr. Jakob",male,21,0,0,315097,8.6625,,S
1,3,"Peter, Miss. Anna",female,,1,1,2668,22.3583,F E69,C
0,2,"Stokes, Mr. Philip Joseph",male,25,0,0,F.C.C. 13540,10.5,,S
0,3,"McEvoy, Mr. Michael",male,,0,0,36568,15.5,,Q
1,1,"Swift, Mrs. Frederick Joel (Margaret Welles Barron)",female,48,0,0,17466,25.9292,D17,S
0,3,"Buckley, Mr. Daniel",male,21,0,0,330920,7.8208,,Q
0,3,"Andersson, Mr. Anders Johan",male,39,1,5,347082,31.275,,S
1,3,"Sandstrom, Miss. Beatrice Irene",female,1,1,1,PP 9549,16.7,G6,S
1,3,"Hirvonen, Miss. Hildur E",female,2,0,1,3101298,12.2875,,S
0,3,"Emir, Mr. Farred Chehab",male,,0,0,2631,7.225,,C
0,2,"Davies, Mr. Charles Henry",male,18,0,0,S.O.C. 14879,73.5,,S
0,2,"Abelson, Mr. Samuel",male,30,1,0,P/PP 3381,24,,C
1,2,"Navratil, Master. Michel M",male,3,1,1,230080,26,F2,S
1,3,"McGovern, Miss. Mary",female,,0,0,330931,7.8792,,Q
0,2,"Norman, Mr. Robert Douglas",male,28,0,0,218629,13.5,,S
0,3,"Holthen, Mr. Johan Martin",male,28,0,0,C 4001,22.525,,S
0,1,"Chaffee, Mr. Herbert Fuller",male,46,1,0,W.E.P. 5734,61.175,E31,S
1,1,"Lurette, Miss. Elise",female,58,0,0,PC 17569,146.5208,B80,C
0,3,"Badt, Mr. Mohamed",male,40,0,0,2623,7.225,,C
1,2,"Louch, Mrs. Charles Alexander (Alice Adelaide Slow)",female,42,1,0,SC/AH 3085,26,,S
0,2,"Lahtinen, Rev. William",male,30,1,1,250651,26,,S
0,3,"Vande Velde, Mr. Johannes Joseph",male,33,0,0,345780,9.5,,S
1,1,"Sloper, Mr. William Thompson",male,28,0,0,113788,35.5,A6,S
1,3,"Peacock, Mrs. Benjamin (Edith Nile)",female,26,0,2,SOTON/O.Q. 3101315,13.775,,S
0,2,"Portaluppi, Mr. Emilio Ilario Giuseppe",male,30,0,0,C.A. 34644,12.7375,,C
0,3,"Simmons, Mr. John",male,,0,0,SOTON/OQ 392082,8.05,,S
0,2,"Hocking, Mr. Richard George",male,23,2,1,29104,11.5,,S
1,1,"Fortune, Miss. Alice Elizabeth",female,24,3,2,19950,263,C23 C25 C27,S
0,3,"Hassan, Mr. Houssein G N",male,11,0,0,2699,18.7875,,C
0,1,"Borebank, Mr. John James",male,42,0,0,110489,26.55,D22,S
1,1,"Daly, Mr. Peter Denis ",male,51,0,0,113055,26.55,E17,S
0,3,"Shorney, Mr. Charles Joseph",male,,0,0,374910,8.05,,S
0,1,"Beattie, Mr. Thomson",male,36,0,0,13050,75.2417,C6,C
0,3,"Tobin, Mr. Roger",male,,0,0,383121,7.75,F38,Q
0,3,"Spinner, Mr. Henry John",male,32,0,0,STON/OQ. 369943,8.05,,S
1,3,"Abbott, Mrs. Stanton (Rosa Hunt)",female,35,1,1,C.A. 2673,20.25,,S
0,3,"Birkeland, Mr. Hans Martin Monsen",male,21,0,0,312992,7.775,,S
1,3,"Leeni, Mr. Fahim (""Philip Zenni"")",male,22,0,0,2620,7.225,,C
0,1,"Fortune, Mr. Charles Alexander",male,19,3,2,19950,263,C23 C25 C27,S
1,1,"Harder, Mrs. George Achilles (Dorothy Annan)",female,25,1,0,11765,55.4417,E50,C
0,3,"Olsson, Mr. Oscar Wilhelm",male,32,0,0,347079,7.775,,S
1,3,"Touma, Miss. Maria Youssef",female,9,1,1,2650,15.2458,,C
0,3,"van Billiard, Mr. Austin Blyler",male,40.5,0,2,A/5. 851,14.5,,S
0,3,"Nilsson, Mr. August Ferdinand",male,21,0,0,350410,7.8542,,S
1,3,"Klasen, Mrs. (Hulda Kristina Eugenia Lofqvist)",female,36,0,2,350405,12.1833,,S
1,2,"Nye, Mrs. (Elizabeth Ramell)",female,29,0,0,C.A. 29395,10.5,F33,S
0,3,"Lester, Mr. James",male,39,0,0,A/4 48871,24.15,,S
0,2,"Veal, Mr. James",male,40,0,0,28221,13,,S
0,3,"Thomas, Mr. Tannous",male,,0,0,2684,7.225,,C
0,1,"Harrison, Mr. William",male,40,0,0,112059,0,B94,S
0,2,"Gavey, Mr. Lawrence",male,26,0,0,31028,10.5,,S
0,3,"Rintamaki, Mr. Matti",male,35,0,0,STON/O 2. 3101273,7.125,,S
1,1,"Sagesser, Mlle. Emma",female,24,0,0,PC 17477,69.3,B35,C
0,2,"Jefferys, Mr. Ernest Wilfred",male,22,2,0,C.A. 31029,31.5,,S
1,3,"Bradley, Miss. Bridget Delia",female,22,0,0,334914,7.725,,Q
1,1,"Peuchen, Major. Arthur Godfrey",male,52,0,0,113786,30.5,C104,S
0,3,"Ford, Miss. Robina Maggie ""Ruby""",female,9,2,2,W./C. 6608,34.375,,S
1,2,"Hewlett, Mrs. (Mary D Kingcome) ",female,55,0,0,248706,16,,S
1,1,"Silverthorne, Mr. Spencer Victor",male,35,0,0,PC 17475,26.2875,E24,S
0,3,"Lithman, Mr. Simon",male,,0,0,S.O./P.P. 251,7.55,,S
0,3,"Vendel, Mr. Olof Edvin",male,20,0,0,350416,7.8542,,S
0,1,"Silvey, Mr. William Baird",male,50,1,0,13507,55.9,E44,S
0,1,"Nicholson, Mr. Arthur Ernest",male,64,0,0,693,26,,S
0,3,"Dika, Mr. Mirko",male,17,0,0,349232,7.8958,,S
1,1,"Anderson, Mr. Harry",male,48,0,0,19952,26.55,E12,S
0,1,"Pears, Mr. Thomas Clinton",male,29,1,0,113776,66.6,C2,S
0,3,"Cook, Mr. Jacob",male,43,0,0,A/5 3536,8.05,,S
0,3,"Panula, Mrs. Juha (Maria Emilia Ojala)",female,41,0,5,3101295,39.6875,,S
1,3,"Ohman, Miss. Velin",female,22,0,0,347085,7.775,,S
1,2,"Hart, Miss. Eva Miriam",female,7,0,2,F.C.C. 13529,26.25,,S
1,1,"Flynn, Mr. John Irwin (""Irving"")",male,36,0,0,PC 17474,26.3875,E25,S
1,1,"Bonnell, Miss. Caroline",female,30,0,0,36928,164.8667,C7,S
0,3,"Toufik, Mr. Nakli",male,,0,0,2641,7.2292,,C
0,1,"Smith, Mr. Lucien Philip",male,24,1,0,13695,60,C31,S
0,2,"Faunthorpe, Mr. Harry",male,40,1,0,2926,26,,S
1,1,"Evans, Miss. Edith Corse",female,36,0,0,PC 17531,31.6792,A29,C
0,2,"Bowenur, Mr. Solomon",male,42,0,0,211535,13,,S
0,3,"Moutal, Mr. Rahamin Haim",male,,0,0,374746,8.05,,S
1,3,"Lam, Mr. Ali",male,,0,0,1601,56.4958,,S
0,3,"Carlsson, Mr. August Sigfrid",male,28,0,0,350042,7.7958,,S
1,3,"Lennon, Miss. Mary",female,,1,0,370371,15.5,,Q
1,3,"Barah, Mr. Hanna Assi",male,20,0,0,2663,7.2292,,C
1,3,"Pickard, Mr. Berk (Berk Trembisky)",male,32,0,0,SOTON/O.Q. 392078,8.05,E10,S
1,2,"Mallet, Master. Andre",male,1,0,2,S.C./PARIS 2079,37.0042,,C
0,3,"Andersson, Master. Sigvard Harald Elias",male,4,4,2,347082,31.275,,S
1,3,"Karun, Miss. Manca",female,4,0,1,349256,13.4167,,C
0,2,"Harbeck, Mr. William H",male,44,0,0,248746,13,,S
0,3,"Rice, Mrs. William (Margaret Norton)",female,39,0,5,382652,29.125,,Q
0,3,"Hagland, Mr. Ingvald Olai Olsen",male,,1,0,65303,19.9667,,S
0,3,"O'Connor, Mr. Patrick",male,,0,0,366713,7.75,,Q
0,2,"Morley, Mr. Henry Samuel (""Mr Henry Marshall"")",male,39,0,0,250655,26,,S
1,1,"Hassab, Mr. Hammad",male,27,0,0,PC 17572,76.7292,D49,C
1,3,"Landergren, Miss. Aurora Adelia",female,22,0,0,C 7077,7.25,,S
0,3,"Karaic, Mr. Milan",male,30,0,0,349246,7.8958,,S
1,3,"O'Driscoll, Miss. Bridget",female,,0,0,14311,7.75,,Q
0,3,"Olsson, Miss. Elina",female,31,0,0,350407,7.8542,,S
0,3,"Samaan, Mr. Elias",male,,2,0,2662,21.6792,,C
0,1,"Ryerson, Mr. Arthur Larned",male,61,1,3,PC 17608,262.375,B57 B59 B63 B66,C
0,1,"Stead, Mr. William Thomas",male,62,0,0,113514,26.55,C87,S
0,3,"Johansson Palmquist, Mr. Oskar Leander",male,26,0,0,347070,7.775,,S
1,1,"Frolicher-Stehli, Mrs. Maxmillian (Margaretha Emerentia Stehli)",female,48,1,1,13567,79.2,B41,C
0,2,"Collyer, Mr. Harvey",male,31,1,1,C.A. 31921,26.25,,S
0,3,"Dantcheff, Mr. Ristiu",male,25,0,0,349203,7.8958,,S
1,3,"Osman, Mrs. Mara",female,31,0,0,349244,8.6833,,S
1,3,"Cacic, Miss. Manda",female,21,0,0,315087,8.6625,,S
0,3,"Midtsjo, Mr. Karl Albert",male,21,0,0,345501,7.775,,S
0,1,"Meyer, Mr. Edgar Joseph",male,28,1,0,PC 17604,82.1708,,C
1,3,"Nilsson, Miss. Berta Olivia",female,18,0,0,347066,7.775,,S
0,3,"Skoog, Mr. Wilhelm",male,40,1,4,347088,27.9,,S
0,3,"Jensen, Mr. Niels Peder",male,48,0,0,350047,7.8542,,S
0,3,"Panula, Master. Juha Niilo",male,7,4,1,3101295,39.6875,,S
1,1,"Bowerman, Miss. Elsie Edith",female,22,0,1,113505,55,E33,S
0,1,"Rheims, Mr. George Alexander Lucien",male,,0,0,PC 17607,39.6,,S
0,1,"Penasco y Castellana, Mr. Victor de Satode",male,18,1,0,PC 17758,108.9,C65,C
1,3,"O'Leary, Miss. Hanora ""Norah""",female,,0,0,330919,7.8292,,Q
1,2,"Smith, Miss. Marion Elsie",female,40,0,0,31418,13,,S
0,2,"Denbury, Mr. Herbert",male,25,0,0,C.A. 31029,31.5,,S
1,3,"Mamee, Mr. Hanna",male,,0,0,2677,7.2292,,C
1,3,"Baclini, Mrs. Solomon (Latifa Qurban)",female,24,0,3,2666,19.2583,,C
1,2,"Bentham, Miss. Lilian W",female,19,0,0,28404,13,,S
0,3,"Hegarty, Miss. Hanora ""Nora""",female,18,0,0,365226,6.75,,Q
0,3,"Horgan, Mr. John",male,,0,0,370377,7.75,,Q
0,1,"Ryerson, Master. John Borie",male,13,2,2,PC 17608,262.375,B57 B59 B63 B66,C
0,3,"Dean, Mr. Bertram Frank",male,26,1,2,C.A. 2315,20.575,,S
1,2,"del Carlo, Mrs. Sebastiano (Argenia Genovesi)",female,24,1,0,SC/PARIS 2167,27.7208,,C
0,3,"Abelseth, Mr. Olaus Jorgensen",male,25,0,0,348122,7.65,F G63,S
0,3,"Karun, Mr. Franz",male,39,0,1,349256,13.4167,,C
0,1,"Gracie, Col. Archibald IV",male,53,0,0,113780,28.5,C51,C
1,3,"Smyth, Miss. Julia",female,,0,0,335432,7.7333,,Q
0,2,"Giles, Mr. Ralph",male,24,0,0,248726,13.5,,S
1,1,"Ostby, Miss. Helene Ragnhild",female,22,0,1,113509,61.9792,B36,C
0,3,"Jonkoff, Mr. Lalio",male,23,0,0,349204,7.8958,,S
1,1,"Stengel, Mrs. Charles Emil Henry (Annie May Morris)",female,43,1,0,11778,55.4417,C116,C
0,3,"Lyntakoff, Mr. Stanko",male,,0,0,349235,7.8958,,S
0,2,"Harper, Rev. John",male,28,0,1,248727,33,,S
0,1,"Davidson, Mr. Thornton",male,31,1,0,F.C. 12750,52,B71,S
1,2,"Wright, Miss. Marion",female,26,0,0,220844,13.5,,S
0,3,"Boulos, Miss. Nourelain",female,9,1,1,2678,15.2458,,C
0,3,"Gustafsson, Mr. Anders Vilhelm",male,37,2,0,3101276,7.925,,S
1,3,"Najib, Miss. Adele Kiamie ""Jane""",female,15,0,0,2667,7.225,,C
1,1,"Hoyt, Mrs. Frederick Maxfield (Jane Anne Forby)",female,35,1,0,19943,90,C93,S
1,2,"Herman, Mrs. Samuel (Jane Laver)",female,48,1,2,220845,65,,S
0,3,"Wenzel, Mr. Linhart",male,32.5,0,0,345775,9.5,,S
0,3,"Pokrnic, Mr. Mate",male,17,0,0,315095,8.6625,,S
0,1,"Smith, Mr. James Clinch",male,56,0,0,17764,30.6958,A7,C
1,2,"Hiltunen, Miss. Marta",female,18,1,1,250650,13,,S
0,3,"Culumovic, Mr. Jeso",male,17,0,0,315090,8.6625,,S
1,2,"Richards, Mrs. Sidney (Emily Hocking)",female,24,2,3,29106,18.75,,S
1,1,"Lines, Miss. Mary Conover",female,16,0,1,PC 17592,39.4,D28,S
0,3,"Nirva, Mr. Iisakki Antino Aijo",male,41,0,0,SOTON/O2 3101272,7.125,,S
0,3,"Scanlan, Mr. James",male,,0,0,36209,7.725,,Q
1,1,"Bjornstrom-Steffansson, Mr. Mauritz Hakan",male,28,0,0,110564,26.55,C52,S
0,2,"Collander, Mr. Erik Gustaf",male,28,0,0,248740,13,,S
0,2,"Carter, Rev. Ernest Courtenay",male,54,1,0,244252,26,,S
0,3,"Markun, Mr. Johann",male,33,0,0,349257,7.8958,,S
0,3,"Gheorgheff, Mr. Stanio",male,,0,0,349254,7.8958,,C
0,3,"O'Connor, Mr. Maurice",male,,0,0,371060,7.75,,Q
0,2,"Lamb, Mr. John Joseph",male,,0,0,240261,10.7083,,Q
0,2,"Otter, Mr. Richard",male,39,0,0,28213,13,,S
0,3,"Allen, Mr. William Henry",male,35,0,0,373450,8.05,,S
1,3,"Dean, Miss. Elizabeth Gladys Millvina""""",female,0.17,1,2,C.A. 2315,20.575,,S
0,3,"Fox, Mr. Patrick",male,,0,0,368573,7.75,,Q
0,3,"Rice, Master. Arthur",male,4,4,1,382652,29.125,,Q
1,1,"Hippach, Miss. Jean Gertrude",female,16,0,1,111361,57.9792,B18,C
0,3,"Cann, Mr. Ernest Charles",male,21,0,0,A./5. 2152,8.05,,S
0,2,"Gaskell, Mr. Alfred",male,16,0,0,239865,26,,S
0,1,"Farthing, Mr. John",male,,0,0,PC 17483,221.7792,C95,S
0,1,"Crafton, Mr. John Bertram",male,,0,0,113791,26.55,,S
1,2,"Toomey, Miss. Ellen",female,50,0,0,F.C.C. 13531,10.5,,S
1,3,"de Messemaeker, Mrs. Guillaume Joseph (Emma)",female,36,1,0,345572,17.4,,S
0,3,"Zabour, Miss. Thamine",female,,1,0,2665,14.4542,,C
1,2,"Phillips, Miss. Alice Frances Louisa",female,21,0,1,S.O./P.P. 2,21,,S
1,1,"Lines, Mrs. Ernest H (Elizabeth Lindsey James)",female,51,0,1,PC 17592,39.4,D28,S
0,3,"Morrow, Mr. Thomas Rowan",male,,0,0,372622,7.75,,Q
0,1,"Williams-Lambert, Mr. Fletcher Fellows",male,,0,0,113510,35,C128,S
0,3,"Sage, Mr. Douglas Bullen",male,,8,2,CA. 2343,69.55,,S
0,3,"Jardin, Mr. Jose Neto",male,,0,0,SOTON/O.Q. 3101305,7.05,,S
0,3,"Wiseman, Mr. Phillippe",male,,0,0,A/4. 34244,7.25,,S
1,3,"Connolly, Miss. Kate",female,22,0,0,370373,7.75,,Q
0,3,"Olsvigen, Mr. Thor Anderson",male,20,0,0,6563,9.225,,S
1,1,"Seward, Mr. Frederic Kimber",male,34,0,0,113794,26.55,,S
1,1,"Cornell, Mrs. Robert Clifford (Malvina Helen Lamson)",female,55,2,0,11770,25.7,C101,S
0,3,"Wirz, Mr. Albert",male,27,0,0,315154,8.6625,,S
1,3,"Johannesen-Bratthammer, Mr. Bernt",male,,0,0,65306,8.1125,,S
1,3,"Dahl, Mr. Karl Edwart",male,45,0,0,7598,8.05,,S
1,1,"Duff Gordon, Sir. Cosmo Edmund (""Mr Morgan"")",male,49,1,0,PC 17485,56.9292,A20,C
0,3,"Sage, Master. Thomas Henry",male,,8,2,CA. 2343,69.55,,S
1,3,"Emanuel, Miss. Virginia Ethel",female,5,0,0,364516,12.475,,S
1,1,"Marechal, Mr. Pierre",male,,0,0,11774,29.7,C47,C
0,3,"Theobald, Mr. Thomas Leonard",male,34,0,0,363294,8.05,,S
1,1,"Simonius-Blumer, Col. Oberst Alfons",male,56,0,0,13213,35.5,A26,C
1,3,"Riordan, Miss. Johanna Hannah""""",female,,0,0,334915,7.7208,,Q
0,2,"Dibden, Mr. William",male,18,0,0,S.O.C. 14879,73.5,,S
0,3,"Nasr, Mr. Mustafa",male,,0,0,2652,7.2292,,C
0,2,"Brown, Mr. Thomas William Solomon",male,60,1,1,29750,39,,S
0,3,"Lam, Mr. Len",male,,0,0,1601,56.4958,,S
0,3,"Hanna, Mr. Mansour",male,23.5,0,0,2693,7.2292,,C
0,3,"Rouse, Mr. Richard Henry",male,50,0,0,A/5 3594,8.05,,S
0,3,"Jensen, Mr. Svend Lauritz",male,17,1,0,350048,7.0542,,S
0,3,"Meek, Mrs. Thomas (Annie Louise Rowley)",female,,0,0,343095,8.05,,S
1,1,"Graham, Mrs. William Thompson (Edith Junkins)",female,58,0,1,PC 17582,153.4625,C125,S
1,1,"Ryerson, Mrs. Arthur Larned (Emily Maria Borie)",female,48,1,3,PC 17608,262.375,B57 B59 B63 B66,C
0,3,"Sage, Miss. Dorothy Edith ""Dolly""",female,,8,2,CA. 2343,69.55,,S
0,3,"Willey, Mr. Edward",male,,0,0,S.O./P.P. 751,7.55,,S
1,3,"Goldsmith, Master. Frank John William ""Frankie""",male,9,0,2,363291,20.525,,S
0,2,"Cotterill, Mr. Henry Harry""""",male,21,0,0,29107,11.5,,S
1,1,"Homer, Mr. Harry (""Mr E Haven"")",male,35,0,0,111426,26.55,,C
0,3,"Svensson, Mr. Johan Cervin",male,14,0,0,7538,9.225,,S
1,2,"Laroche, Miss. Louise",female,1,1,2,SC/Paris 2123,41.5792,,C
0,3,"Rosblom, Mr. Viktor Richard",male,18,1,1,370129,20.2125,,S
0,3,"Karlsson, Mr. Einar Gervasius",male,21,0,0,350053,7.7958,,S
1,2,"Mellors, Mr. William John",male,19,0,0,SW/PP 751,10.5,,S
0,3,"Lockyer, Mr. Edward",male,,0,0,1222,7.8792,,S
0,3,"Mitkoff, Mr. Mito",male,,0,0,349221,7.8958,,S
0,3,"Sdycoff, Mr. Todor",male,,0,0,349222,7.8958,,S
0,3,"Edvardsson, Mr. Gustaf Hjalmar",male,18,0,0,349912,7.775,,S
0,3,"Leonard, Mr. Lionel",male,36,0,0,LINE,0,,S
1,1,"Robert, Mrs. Edward Scott (Elisabeth Walton McMillan)",female,43,0,1,24160,211.3375,B3,S
1,2,"Hosono, Mr. Masabumi",male,42,0,0,237798,13,,S
1,2,"Becker, Miss. Ruth Elizabeth",female,12,2,1,230136,39,F4,S
0,3,"Strom, Mrs. Wilhelm (Elna Matilda Persson)",female,29,1,1,347054,10.4625,G6,S
0,3,"Holm, Mr. John Fredrik Alexander",male,43,0,0,C 7075,6.45,,S
0,3,"Pavlovic, Mr. Stefo",male,32,0,0,349242,7.8958,,S
0,3,"Barton, Mr. David John",male,22,0,0,324669,8.05,,S
0,3,"McMahon, Mr. Martin",male,,0,0,370372,7.75,,Q
0,2,"Matthews, Mr. William John",male,30,0,0,28228,13,,S
0,3,"Peters, Miss. Katie",female,,0,0,330935,8.1375,,Q
0,1,"Graham, Mr. George Edward",male,38,0,1,PC 17582,153.4625,C91,S
0,3,"Hee, Mr. Ling",male,,0,0,1601,56.4958,,S
0,3,"Boulos, Mrs. Joseph (Sultana)",female,,0,2,2678,15.2458,,C
0,3,"Makinen, Mr. Kalle Edvard",male,29,0,0,STON/O 2. 3101268,7.925,,S
1,3,"Johnson, Miss. Eleanor Ileen",female,1,1,1,347742,11.1333,,S
1,1,"Taussig, Mrs. Emil (Tillie Mandelbaum)",female,39,1,1,110413,79.65,E67,S
1,1,"Behr, Mr. Karl Howell",male,26,0,0,111369,30,C148,C
0,1,"Cavendish, Mr. Tyrell William",male,36,1,0,19877,78.85,C46,S
0,3,"Storey, Mr. Thomas",male,60.5,0,0,3701,0,,S
0,3,"Ware, Mr. Frederick",male,,0,0,359309,8.05,,S
0,3,"Heininen, Miss. Wendla Maria",female,23,0,0,STON/O2. 3101290,7.925,,S
1,2,"Herman, Miss. Alice",female,24,1,2,220845,65,,S
1,3,"Nakid, Mrs. Said (Waika Mary"" Mowad)""",female,19,1,1,2653,15.7417,,C
1,3,"Madigan, Miss. Margaret ""Maggie""",female,,0,0,370370,7.75,,Q
1,3,"Shine, Miss. Ellen Natalia",female,,0,0,330968,7.7792,,Q
0,3,"Petroff, Mr. Pastcho (""Pentcho"")",male,,0,0,349215,7.8958,,S
0,3,"Peltomaki, Mr. Nikolai Johannes",male,25,0,0,STON/O 2. 3101291,7.925,,S
1,2,"Chapman, Mrs. John Henry (Sara Elizabeth Lawry)",female,29,1,0,SC/AH 29037,26,,S
0,2,"Gill, Mr. John William",male,24,0,0,233866,13,,S
1,2,"Pinsky, Mrs. (Rosa)",female,32,0,0,234604,13,,S
0,1,"Holverson, Mr. Alexander Oskar",male,42,1,0,113789,52,,S
0,2,"Angle, Mr. William A",male,34,1,0,226875,26,,S
1,1,"Carter, Mr. William Ernest",male,36,1,2,113760,120,B96 B98,S
0,3,"Zakarian, Mr. Ortin",male,27,0,0,2670,7.225,,C
1,1,"Kimball, Mrs. Edwin Nelson Jr (Gertrude Parsons)",female,45,1,0,11753,52.5542,D19,S
0,3,"Conlon, Mr. Thomas Henry",male,31,0,0,21332,7.7333,,Q
1,3,"Dean, Mrs. Bertram (Eva Georgetta Light)",female,33,1,2,C.A. 2315,20.575,,S
0,3,"Lefebre, Miss. Mathilde",female,,3,1,4133,25.4667,,S
0,3,"Staneff, Mr. Ivan",male,,0,0,349208,7.8958,,S
0,3,"Flynn, Mr. John",male,,0,0,368323,6.95,,Q
1,1,"Harper, Mr. Henry Sleeper",male,48,1,0,PC 17572,76.7292,D33,C
0,2,"Jarvis, Mr. John Denzil",male,47,0,0,237565,15,,S
0,3,"Pettersson, Miss. Ellen Natalia",female,18,0,0,347087,7.775,,S
0,3,"Jonsson, Mr. Nils Hilding",male,27,0,0,350408,7.8542,,S
1,1,"Cherry, Miss. Gladys",female,30,0,0,110152,86.5,B77,S
1,3,"Jussila, Mr. Eiriik",male,32,0,0,STON/O 2. 3101286,7.925,,S
0,1,"Franklin, Mr. Thomas Parham",male,,0,0,113778,26.55,D34,S
0,2,"Mitchell, Mr. Henry Michael",male,70,0,0,C.A. 24580,10.5,,S
0,3,"Andersson, Mrs. Anders Johan (Alfrida Konstantia Brogren)",female,39,1,5,347082,31.275,,S
0,3,"Matinoff, Mr. Nicola",male,,0,0,349255,7.8958,,C
1,3,"Asplund, Miss. Lillian Gertrud",female,5,4,2,347077,31.3875,,S
0,3,"Meanwell, Miss. (Marion Ogden)",female,,0,0,SOTON/O.Q. 392087,8.05,,S
0,3,"Ali, Mr. William",male,25,0,0,SOTON/O.Q. 3101312,7.05,,S
0,2,"Eitemiller, Mr. George Floyd",male,23,0,0,29751,13,,S
0,3,"Vander Planke, Miss. Augusta Maria",female,18,2,0,345764,18,,S
0,3,"Gustafsson, Mr. Karl Gideon",male,19,0,0,347069,7.775,,S
1,3,"Braf, Miss. Elin Ester Maria",female,20,0,0,347471,7.8542,,S
0,3,"Oreskovic, Mr. Luka",male,20,0,0,315094,8.6625,,S
0,3,"Abbing, Mr. Anthony",male,42,0,0,C.A. 5547,7.55,,S
1,2,"Buss, Miss. Kate",female,36,0,0,27849,13,,S
0,3,"Hendekovic, Mr. Ignjac",male,28,0,0,349243,7.8958,,S
0,3,"Sivola, Mr. Antti Wilhelm",male,21,0,0,STON/O 2. 3101280,7.925,,S
1,1,"Allison, Master. Hudson Trevor",male,0.92,1,2,113781,151.55,C22 C26,S
0,1,"Ostby, Mr. Engelhart Cornelius",male,65,0,1,113509,61.9792,B30,C
1,2,"Corbett, Mrs. Walter H (Irene Colvin)",female,30,0,0,237249,13,,S
0,1,"Carlsson, Mr. Frans Olof",male,33,0,0,695,5,B51 B53 B55,S
0,3,"Lundstrom, Mr. Thure Edvin",male,32,0,0,350403,7.5792,,S
1,1,"Marvin, Mrs. Daniel Warner (Mary Graham Carmichael Farquarson)",female,18,1,0,113773,53.1,D30,S
1,3,"Baclini, Miss. Eugenie",female,0.75,2,1,2666,19.2583,,C
1,2,"Duran y More, Miss. Florentina",female,30,1,0,SC/PARIS 2148,13.8583,,C
1,3,"Foo, Mr. Choong",male,,0,0,1601,56.4958,,S
1,1,"Hippach, Mrs. Louis Albert (Ida Sophia Fischer)",female,44,0,1,111361,57.9792,B18,C
0,3,"Bourke, Miss. Mary",female,,0,2,364848,7.75,,Q
1,2,"Brown, Miss. Edith Eileen",female,15,0,2,29750,39,,S
0,3,"Finoli, Mr. Luigi",male,,0,0,SOTON/O.Q. 3101308,7.05,,S
1,2,"West, Miss. Barbara J",female,0.92,1,2,C.A. 34651,27.75,,S
1,3,"Healy, Miss. Hanora ""Nora""",female,,0,0,370375,7.75,,Q
0,3,"Calic, Mr. Petar",male,17,0,0,315086,8.6625,,S
0,1,"Compton, Mr. Alexander Taylor Jr",male,37,1,1,PC 17756,83.1583,E52,C
0,3,"Dennis, Mr. Samuel",male,22,0,0,A/5 21172,7.25,,S
0,3,"Elias, Mr. Tannous",male,15,1,1,2695,7.2292,,C
0,3,"Johnston, Master. William Arthur Willie""""",male,,1,2,W./C. 6607,23.45,,S
0,1,"Salomon, Mr. Abraham L",male,,0,0,111163,26,,S
1,1,"Dodge, Master. Washington",male,4,0,2,33638,81.8583,A34,S
1,1,"Ward, Miss. Anna",female,35,0,0,PC 17755,512.3292,,C
0,1,"Ross, Mr. John Hugo",male,36,0,0,13049,40.125,A10,C
1,1,"Frolicher-Stehli, Mr. Maxmillian",male,60,1,1,13567,79.2,B41,C
0,2,"Moraweck, Dr. Ernest",male,54,0,0,29011,14,,S
0,3,"Johnston, Miss. Catherine Helen ""Carrie""",female,,1,2,W./C. 6607,23.45,,S
0,3,"Dahlberg, Miss. Gerda Ulrika",female,22,0,0,7552,10.5167,,S
0,3,"Nysveen, Mr. Johan Hansen",male,61,0,0,345364,6.2375,,S
1,2,"Cameron, Miss. Clear Annie",female,35,0,0,F.C.C. 13528,21,,S
0,2,"Kantor, Mr. Sinai",male,34,1,0,244367,26,,S
1,1,"Dick, Mrs. Albert Adrian (Vera Gillespie)",female,17,1,0,17474,57,B20,S
1,3,"Lang, Mr. Fang",male,26,0,0,1601,56.4958,,S
1,2,"Howard, Mrs. Benjamin (Ellen Truelove Arman)",female,60,1,0,24065,26,,S
0,1,"Widener, Mr. George Dunton",male,50,1,1,113503,211.5,C80,C
0,1,"Weir, Col. John",male,60,0,0,113800,26.55,,S
1,2,"Kantor, Mrs. Sinai (Miriam Sternin)",female,24,1,0,244367,26,,S
1,1,"Carter, Mrs. William Ernest (Lucile Polk)",female,36,1,2,113760,120,B96 B98,S
1,1,"Goldenberg, Mr. Samuel L",male,49,1,0,17453,89.1042,C92,C
0,3,"Elsbury, Mr. William James",male,47,0,0,A/5 3902,7.25,,S
0,2,"Harris, Mr. Walter",male,30,0,0,W/C 14208,10.5,,S
0,1,"Thayer, Mr. John Borland",male,49,1,1,17421,110.8833,C68,C
0,2,"McCrie, Mr. James Matthew",male,30,0,0,233478,13,,S
0,3,"Sutehall, Mr. Henry Jr",male,25,0,0,SOTON/OQ 392076,7.05,,S
1,2,"Brown, Miss. Amelia ""Mildred""",female,24,0,0,248733,13,F33,S
1,1,"Hoyt, Mr. Frederick Maxfield",male,38,1,0,19943,90,C93,S
1,1,"Wilson, Miss. Helen Alice",female,31,0,0,16966,134.5,E39 E41,C
1,2,"Renouf, Mrs. Peter Henry (Lillian Jefferys)",female,30,3,0,31027,21,,S
0,3,"Bourke, Mrs. John (Catherine)",female,32,1,1,364849,15.5,,Q
0,3,"Sadlier, Mr. Matthew",male,,0,0,367655,7.7292,,Q
0,3,"Skoog, Mrs. William (Anna Bernhardina Karlsson)",female,45,1,4,347088,27.9,,S
1,1,"Serepeca, Miss. Augusta",female,30,0,0,113798,31,,C
1,3,"Honkanen, Miss. Eliina",female,27,0,0,STON/O2. 3101283,7.925,,S
0,1,"Allison, Miss. Helen Loraine",female,2,1,2,113781,151.55,C22 C26,S
0,3,"Goodwin, Master. Sidney Leonard",male,1,5,2,CA 2144,46.9,,S
0,3,"Cor, Mr. Ivan",male,27,0,0,349229,7.8958,,S
0,3,"Andersson, Miss. Sigrid Elisabeth",female,11,4,2,347082,31.275,,S
1,3,"Yasbeck, Mrs. Antoni (Selini Alexander)",female,15,1,0,2659,14.4542,,C
0,3,"Bowen, Mr. David John ""Dai""",male,21,0,0,54636,16.1,,S
0,3,"Risien, Mr. Samuel Beard",male,,0,0,364498,14.5,,S
1,2,"Walcroft, Miss. Nellie",female,31,0,0,F.C.C. 13528,21,,S
1,3,"McCoy, Miss. Alicia",female,,2,0,367226,23.25,,Q
0,1,"Natsch, Mr. Charles H",male,37,0,1,PC 17596,29.7,C118,C
1,2,"Weisz, Mrs. Leopold (Mathilde Francoise Pede)",female,29,1,0,228414,26,,S
0,2,"Fahlstrom, Mr. Arne Jonas",male,18,0,0,236171,13,,S
0,3,"Osen, Mr. Olaf Elon",male,16,0,0,7534,9.2167,,S
1,3,"Backstrom, Mrs. Karl Alfred (Maria Mathilda Gustafsson)",female,33,3,0,3101278,15.85,,S
0,3,"Wiklund, Mr. Jakob Alfred",male,18,1,0,3101267,6.4958,,S
1,1,"Meyer, Mrs. Edgar Joseph (Leila Saks)",female,,1,0,PC 17604,82.1708,,C
0,3,"Andreasson, Mr. Paul Edvin",male,20,0,0,347466,7.8542,,S
0,3,"Calic, Mr. Jovo",male,17,0,0,315093,8.6625,,S
1,1,"Fortune, Miss. Ethel Flora",female,28,3,2,19950,263,C23 C25 C27,S
0,3,"Burke, Mr. Jeremiah",male,19,0,0,365222,6.75,,Q
0,3,"Ekstrom, Mr. Johan",male,45,0,0,347061,6.975,,S
1,1,"Rothschild, Mrs. Martin (Elizabeth L. Barrett)",female,54,1,0,PC 17603,59.4,,C
1,1,"Thayer, Mrs. John Borland (Marian Longstreth Morris)",female,39,1,1,17421,110.8833,C68,C
1,3,"O'Donoghue, Ms. Bridget",female,,0,0,364856,7.75,,Q
0,3,"Hyman, Mr. Abraham",male,,0,0,3470,7.8875,,S
0,3,"Linehan, Mr. Michael",male,,0,0,330971,7.8792,,Q
1,3,"Stanley, Miss. Amy Zillah Elsie",female,23,0,0,CA. 2314,7.55,,S
0,3,"Dyker, Mr. Adolf Fredrik",male,23,1,0,347072,13.9,,S
0,3,"Coleff, Mr. Satio",male,24,0,0,349209,7.4958,,S
1,3,"Daly, Miss. Margaret Marcella Maggie""""",female,30,0,0,382650,6.95,,Q
1,1,"Stahelin-Maeglin, Dr. Max",male,32,0,0,13214,30.5,B50,C
0,1,"Roebling, Mr. Washington Augustus II",male,31,0,0,PC 17590,50.4958,A24,S
0,3,"Novel, Mr. Mansouer",male,28.5,0,0,2697,7.2292,,C
1,3,"Kink-Heilmann, Miss. Luise Gretchen",female,4,0,2,315153,22.025,,S
0,1,"Carrau, Mr. Jose Pedro",male,17,0,0,113059,47.1,,S
1,3,"Dorking, Mr. Edward Arthur",male,19,0,0,A/5. 10482,8.05,,S
0,3,"Crease, Mr. Ernest James",male,19,0,0,S.P. 3464,8.1583,,S
0,3,"Lane, Mr. Patrick",male,,0,0,7935,7.75,,Q
0,2,"Mudd, Mr. Thomas Charles",male,16,0,0,S.O./P.P. 3,10.5,,S
1,1,"Thayer, Mr. John Borland Jr",male,17,0,2,17421,110.8833,C70,C
1,1,"Greenfield, Mrs. Leo David (Blanche Strouse)",female,45,0,1,PC 17759,63.3583,D10 D12,C
1,3,"Carr, Miss. Jeannie",female,37,0,0,368364,7.75,,Q
1,3,"Lundin, Miss. Olga Elida",female,23,0,0,347469,7.8542,,S
0,3,"Wittevrongel, Mr. Camille",male,36,0,0,345771,9.5,,S
1,2,"Faunthorpe, Mrs. Lizzie (Elizabeth Anne Wilkinson)",female,29,1,0,2926,26,,S
0,2,"Greenberg, Mr. Samuel",male,52,0,0,250647,13,,S
0,3,"Todoroff, Mr. Lalio",male,,0,0,349216,7.8958,,S
0,2,"Hold, Mr. Stephen",male,44,1,0,26707,26,,S
0,3,"Moore, Mr. Leonard Charles",male,,0,0,A4. 54510,8.05,,S
0,3,"Touma, Master. Georges Youssef",male,7,1,1,2650,15.2458,,C
1,3,"Kink, Miss. Maria",female,22,2,0,315152,8.6625,,S
1,2,"Hold, Mrs. Stephen (Annie Margaret Hill)",female,29,1,0,26707,26,,S
0,3,"Reynolds, Mr. Harold J",male,21,0,0,342684,8.05,,S
0,3,"Rice, Master. Eric",male,7,4,1,382652,29.125,,Q
1,1,"Cardeza, Mr. Thomas Drake Martinez",male,36,0,1,PC 17755,512.3292,B51 B53 B55,C
1,1,"Barber, Miss. Ellen ""Nellie""",female,26,0,0,19877,78.85,,S
0,3,"Lobb, Mrs. William Arthur (Cordelia K Stanlick)",female,26,1,0,A/5. 3336,16.1,,S
1,2,"Mellinger, Miss. Madeleine Violet",female,13,0,1,250644,19.5,,S
1,1,"Barkworth, Mr. Algernon Henry Wilson",male,80,0,0,27042,30,A23,S
0,3,"Ling, Mr. Lee",male,28,0,0,1601,56.4958,,S
0,2,"Campbell, Mr. William",male,,0,0,239853,0,,S
0,3,"de Pelsmaeker, Mr. Alfons",male,16,0,0,345778,9.5,,S
1,3,"Abelseth, Miss. Karen Marie",female,16,0,0,348125,7.65,,S
0,1,"Widener, Mr. Harry Elkins",male,27,0,2,113503,211.5,C82,C
0,1,"Millet, Mr. Francis Davis",male,65,0,0,13509,26.55,E38,S
1,1,"Kenyon, Mrs. Frederick R (Marion)",female,,1,0,17464,51.8625,D21,S
0,3,"Fischer, Mr. Eberhard Thelander",male,18,0,0,350036,7.7958,,S
1,3,"Heikkinen, Miss. Laina",female,26,0,0,STON/O2. 3101282,7.925,,S
0,2,"Chapman, Mr. John Henry",male,37,1,0,SC/AH 29037,26,,S
0,2,"Gale, Mr. Harry",male,38,1,0,28664,21,,S
1,1,"Bishop, Mr. Dickinson H",male,25,1,0,11967,91.0792,B49,C
1,1,"Cassebeer, Mrs. Henry Arthur Jr (Eleanor Genevieve Fosdick)",female,,0,0,17770,27.7208,,C
0,3,"Gustafsson, Mr. Johan Birger",male,28,2,0,3101277,7.925,,S
1,3,"Niskanen, Mr. Juha",male,39,0,0,STON/O 2. 3101289,7.925,,S
0,2,"McKane, Mr. Peter David",male,46,0,0,28403,26,,S
0,2,"Yrois, Miss. Henriette (""Mrs Harbeck"")",female,24,0,0,248747,13,,S
0,2,"Bracken, Mr. James H",male,27,0,0,220367,13,,S
0,1,"Kenyon, Mr. Frederick R",male,41,1,0,17464,51.8625,D21,S
1,3,"Rasmussen, Mrs. (Lena Jacobsen Solvang)",female,,0,0,65305,8.1125,,S
1,3,"Dyker, Mrs. Adolf Fredrik (Anna Elisabeth Judith Andersson)",female,22,1,0,347072,13.9,,S
1,2,"Quick, Miss. Phyllis May",female,2,1,1,26360,26,,S
0,3,"Denkoff, Mr. Mitto",male,,0,0,349225,7.8958,,S
0,3,"Palsson, Miss. Torborg Danira",female,8,3,1,349909,21.075,,S
0,1,"Case, Mr. Howard Brown",male,49,0,0,19924,26,,S
0,3,"Andersson, Miss. Ebba Iris Alfrida",female,6,4,2,347082,31.275,,S
0,3,"Olsen, Mr. Ole Martin",male,,0,0,Fa 265302,7.3125,,S
1,2,"Collyer, Mrs. Harvey (Charlotte Annie Tate)",female,31,1,1,C.A. 31921,26.25,,S
0,3,"Flynn, Mr. James",male,,0,0,364851,7.75,,Q
0,3,"Daher, Mr. Shedid",male,22.5,0,0,2698,7.225,,C
0,3,"Vander Planke, Mr. Julius",male,31,3,0,345763,18,,S
1,3,"de Mulder, Mr. Theodore",male,30,0,0,345774,9.5,,S
1,1,"Madill, Miss. Georgette Alexandra",female,15,0,1,24160,211.3375,B5,S
0,3,"Lefebre, Master. Henry Forbes",male,,3,1,4133,25.4667,,S
0,3,"Smiljanic, Mr. Mile",male,,0,0,315037,8.6625,,S
0,1,"Rowe, Mr. Alfred G",male,33,0,0,113790,26.55,,S
1,3,"Persson, Mr. Ernst Ulrik",male,25,1,0,347083,7.775,,S
0,3,"Gronnestad, Mr. Daniel Danielsen",male,32,0,0,8471,8.3625,,S
0,1,"Omont, Mr. Alfred Fernand",male,,0,0,F.C. 12998,25.7417,,C
1,3,"Mockler, Miss. Helen Mary ""Ellie""",female,,0,0,330980,7.8792,,Q
0,3,"Abbott, Mr. Rossmore Edward",male,16,1,1,C.A. 2673,20.25,,S
1,2,"Bryhl, Miss. Dagmar Jenny Ingeborg ",female,20,1,0,236853,26,,S
0,3,"Davison, Mr. Thomas Henry",male,,1,0,386525,16.1,,S
0,3,"Palsson, Master. Gosta Leonard",male,2,3,1,349909,21.075,,S
0,3,"Goodwin, Master. Harold Victor",male,9,5,2,CA 2144,46.9,,S
1,3,"Goodwin, Miss. Jessie Allis",female,10,5,2,CA 2144,46.9,,S
0,3,"Vestrom, Miss. Hulda Amanda Adolfina",female,14,0,0,350406,7.8542,,S
0,2,"Jenkin, Mr. Stephen Curnow",male,32,0,0,C.A. 33111,10.5,,S
0,2,"Wells, Master. Ralph Lester",male,2,1,1,29103,23,,S
0,2,"Ware, Mr. John James",male,30,1,0,CA 31352,21,,S
0,3,"Palsson, Master. Paul Folke",male,6,3,1,349909,21.075,,S
0,2,"Navratil, Mr. Michel (""Louis M Hoffman"")",male,36.5,0,2,230080,26,F2,S
0,3,"Reed, Mr. James George",male,,0,0,362316,7.25,,S
0,3,"Johnson, Mr. William Cahoone Jr",male,19,0,0,LINE,0,,S
0,1,"Brady, Mr. John Bertram",male,41,0,0,113054,30.5,A21,S
0,2,"Laroche, Mr. Joseph Philippe Lemercier",male,25,1,2,SC/Paris 2123,41.5792,,C
1,2,"Becker, Master. Richard F",male,1,2,1,230136,39,F4,S
0,3,"Olsen, Mr. Henry Margido",male,28,0,0,C 4001,22.525,,S
0,3,"Klasen, Mr. Klas Albin",male,18,1,1,350404,7.8542,,S
0,2,"Reeves, Mr. David",male,36,0,0,C.A. 17248,10.5,,S
0,3,"Bourke, Mr. John",male,40,1,1,364849,15.5,,Q
0,2,"Bateman, Rev. Robert James",male,51,0,0,S.O.P. 1166,12.525,,S
0,3,"Barbara, Miss. Saiide",female,18,0,1,2691,14.4542,,C
0,3,"Johansson, Mr. Gustaf Joel",male,33,0,0,7540,8.6542,,S
0,2,"Beauchamp, Mr. Henry James",male,28,0,0,244358,26,,S
1,1,"Taylor, Mrs. Elmer Zebley (Juliet Cummins Wright)",female,,1,0,19996,52,C126,S
0,3,"Attalah, Miss. Malake",female,17,0,0,2627,14.4583,,C
1,3,"Madsen, Mr. Fridtjof Arne",male,24,0,0,C 17369,7.1417,,S
0,3,"Van Impe, Miss. Catharina",female,10,0,2,345773,24.15,,S
0,3,"Larsson-Rondberg, Mr. Edvard A",male,22,0,0,347065,7.775,,S
1,1,"Compton, Miss. Sara Rebecca",female,39,1,1,PC 17756,83.1583,E49,C
0,3,"Vander Planke, Mr. Leo Edmondus",male,16,2,0,345764,18,,S
1,3,"Andersson, Miss. Erna Alexandra",female,17,4,2,3101281,7.925,,S
1,1,"Saalfeld, Mr. Adolphe",male,,0,0,19988,30.5,C106,S
1,3,"Bing, Mr. Lee",male,32,0,0,1601,56.4958,,S
0,3,"Andersson, Miss. Ingeborg Constanzia",female,9,4,2,347082,31.275,,S
0,3,"Skoog, Miss. Margit Elizabeth",female,2,3,2,347088,27.9,,S
0,3,"Vander Cruyssen, Mr. Victor",male,47,0,0,345765,9,,S
1,1,"Shutes, Miss. Elizabeth W",female,40,0,0,PC 17582,153.4625,C125,S
0,3,"Johanson, Mr. Jakob Alfred",male,34,0,0,3101264,6.4958,,S
0,2,"Louch, Mr. Charles Alexander",male,50,1,0,SC/AH 3085,26,,S
1,3,"Burns, Miss. Mary Delia",female,18,0,0,330963,7.8792,,Q
1,2,"Garside, Miss. Ethel",female,34,0,0,243880,13,,S
0,3,"Laleff, Mr. Kristo",male,,0,0,349217,7.8958,,S
0,3,"Ibrahim Shawah, Mr. Yousseff",male,30,0,0,2685,7.2292,,C
0,2,"Pernot, Mr. Rene",male,,0,0,SC/PARIS 2131,15.05,,C
0,3,"Ryan, Mr. Edward",male,,0,0,383162,7.75,,Q
0,3,"Johnson, Mr. Alfred",male,49,0,0,LINE,0,,S
0,1,"Loring, Mr. Joseph Holland",male,30,0,0,113801,45.5,,S
0,1,"Molson, Mr. Harry Markland",male,55,0,0,113787,30.5,C30,S
1,3,"Kelly, Miss. Mary",female,,0,0,14312,7.75,,Q
0,3,"Slocovski, Mr. Selman Francis",male,,0,0,SOTON/OQ 392086,8.05,,S
0,3,"Tenglin, Mr. Gunnar Isidor",male,25,0,0,350033,7.7958,,S
0,3,"Dimic, Mr. Jovan",male,42,0,0,315088,8.6625,,S
1,2,"Webber, Miss. Susan",female,32.5,0,0,27267,13,E101,S
0,3,"Rekic, Mr. Tido",male,38,0,0,349249,7.8958,,S
0,1,"Chevre, Mr. Paul Romaine",male,45,0,0,PC 17594,29.7,A9,C
1,1,"Bidois, Miss. Rosalie",female,42,0,0,PC 17757,227.525,,C
0,3,"Robins, Mrs. Alexander A (Grace Charity Laury)",female,47,1,0,A/5. 3337,14.5,,S
0,3,"Katavelas, Mr. Vassilios (Catavelas Vassilios"")""",male,18.5,0,0,2682,7.2292,,C
1,1,"Bonnell, Miss. Elizabeth",female,58,0,0,113783,26.55,C103,S
1,3,"Jalsevac, Mr. Ivan",male,29,0,0,349240,7.8958,,C
0,3,"Hansen, Mr. Claus Peter",male,41,2,0,350026,14.1083,,S
0,3,"Asplund, Master. Filip Oscar",male,13,4,2,347077,31.3875,,S
1,3,"Moran, Miss. Bertha",female,,1,0,371110,24.15,,Q
0,3,"Ford, Mrs. Edward (Margaret Ann Watson)",female,48,1,3,W./C. 6608,34.375,,S
1,3,"McNamee, Mrs. Neal (Eileen O'Leary)",female,19,1,0,376566,16.1,,S
0,2,"Nourney, Mr. Alfred (Baron von Drachstedt"")""",male,20,0,0,SC/PARIS 2166,13.8625,D38,C
1,1,"Frauenthal, Mrs. Henry William (Clara Heinsheimer)",female,,1,0,PC 17611,133.65,,S
1,2,"Abelson, Mrs. Samuel (Hannah Wizosky)",female,28,1,0,P/PP 3381,24,,C
1,3,"Moubarek, Mrs. George (Omine Amenia"" Alexander)""",female,,0,2,2661,15.2458,,C
1,1,"Spencer, Mrs. William Augustus (Marie Eugenie)",female,,1,0,PC 17569,146.5208,B78,C
1,1,"Mayne, Mlle. Berthe Antonine (""Mrs de Villiers"")",female,24,0,0,PC 17482,49.5042,C90,C
0,3,"Adahl, Mr. Mauritz Nils Martin",male,30,0,0,C 7076,7.25,,S
1,2,"Beane, Mrs. Edward (Ethel Clarke)",female,19,1,0,2908,26,,S
0,2,"Downton, Mr. William James",male,54,0,0,28403,26,,S
0,3,"Van Impe, Mrs. Jean Baptiste (Rosalie Paula Govaert)",female,30,1,1,345773,24.15,,S
0,3,"Youseff, Mr. Gerious",male,45.5,0,0,2628,7.225,,C
0,3,"Panula, Mr. Jaako Arnold",male,14,4,1,3101295,39.6875,,S
0,3,"van Melkebeke, Mr. Philemon",male,,0,0,345777,9.5,,S
0,2,"Phillips, Mr. Escott Robert",male,43,0,1,S.O./P.P. 2,21,,S
1,1,"Carter, Master. William Thornton II",male,11,1,2,113760,120,B96 B98,S
1,3,"Dean, Master. Bertram Vere",male,1,1,2,C.A. 2315,20.575,,S
0,3,"Coelho, Mr. Domingos Fernandeo",male,20,0,0,SOTON/O.Q. 3101307,7.05,,S
0,2,"Nicholls, Mr. Joseph Charles",male,19,1,1,C.A. 33112,36.75,,S
0,3,"Coleff, Mr. Peju",male,36,0,0,349210,7.4958,,S
1,1,"Hays, Miss. Margaret Bechstein",female,24,0,0,11767,83.1583,C54,C
0,3,"Ahlin, Mrs. Johan (Johanna Persdotter Larsson)",female,40,1,0,7546,9.475,,S
0,3,"Brocklebank, Mr. William Alfred",male,35,0,0,364512,8.05,,S
0,2,"Givard, Mr. Hans Kristensen",male,30,0,0,250646,13,,S
0,3,"Nancarrow, Mr. William Henry",male,33,0,0,A./5. 3338,8.05,,S
0,3,"Naidenoff, Mr. Penko",male,22,0,0,349206,7.8958,,S
